ID,Data Provider,Project Name,Consumer Team,Consumer Name,Consumer Description,Variation Type,Variation Value,Purpose,Realistic?,Decision
4e7fb0bc472b201d292093c0cba8d7cb72428a788b085dd835829f18834bf4f5,Fulfilment,Marketing Campaign Optimization,marketing,Campaign Analytics Platform,Analyzes fulfilment data to refine marketing strategies and customer engagement.,None,Original Request,"To optimize marketing campaigns, the Marketing Team requires access to fulfilment data to analyze delivery success rates and adjust messaging or offers accordingly. By understanding delivery performance, campaigns can be designed to enhance customer satisfaction and retention. The data, including 'package', 'order', and 'product', will assist in evaluating logistics partners and supply chain efficiencies to identify areas for improvement.","Yes, this is a realistic access request for a plausible use case.",Accept
4e7fb0bc472b201d292093c0cba8d7cb72428a788b085dd835829f18834bf4f5,Fulfilment,Marketing Campaign Optimization,marketing,Campaign Analytics Platform,Analyzes fulfilment data to refine marketing strategies and customer engagement.,combined,"intern + very hasty (typos, shorthand, missing punctuation, casual phrasing)","hey need some data 4 the marketing stuff. gotta see how deliverys r doin so we can tweak msgs n deals if needed. want 2 look at package, order, n product info 2 check if our delivery partners n supply chain r workin right or not. thnx!",,
4e7fb0bc472b201d292093c0cba8d7cb72428a788b085dd835829f18834bf4f5,Fulfilment,Marketing Campaign Optimization,marketing,Campaign Analytics Platform,Analyzes fulfilment data to refine marketing strategies and customer engagement.,combined,"intern + neutral (standard professional, no particular urgency or formality)","Hi,

I hope this message finds you well. I'm reaching out to request access to the fulfilment data for our team. We would like to use this information to look into delivery success rates and make necessary adjustments to our marketing messages or offers. By having a clearer picture of how well our deliveries are going, we can create campaigns that better satisfy and retain our customers. Specifically, we're interested in data related to 'package', 'order', and 'product' to help us assess our logistics partners and supply chain efficiency, and find ways to improve.

Thank you!",,
4e7fb0bc472b201d292093c0cba8d7cb72428a788b085dd835829f18834bf4f5,Fulfilment,Marketing Campaign Optimization,marketing,Campaign Analytics Platform,Analyzes fulfilment data to refine marketing strategies and customer engagement.,combined,"intern + very formal (precise legal-style language, complete sentences, no contractions)","Subject: Request for Access to Fulfilment Data for Marketing Analysis

To whom it may concern,

I am writing to formally request access to the fulfilment data necessary for the purpose of optimizing our marketing campaigns. The Marketing Team requires this data to conduct a comprehensive analysis of delivery success rates, which will enable us to adjust messaging or offers with greater precision. A thorough understanding of delivery performance is crucial for designing campaigns that aim to enhance customer satisfaction and retention.

Specifically, access to data pertaining to 'package', 'order', and 'product' is essential. This information will aid in evaluating the performance of our logistics partners and supply chain efficiencies, thereby identifying areas that require improvement.

I sincerely appreciate your consideration of this request and look forward to your positive response.

Thank you.",,
4e7fb0bc472b201d292093c0cba8d7cb72428a788b085dd835829f18834bf4f5,Fulfilment,Marketing Campaign Optimization,marketing,Campaign Analytics Platform,Analyzes fulfilment data to refine marketing strategies and customer engagement.,combined,"junior analyst + very hasty (typos, shorthand, missing punctuation, casual phrasing)","hey could u give us access to the fulfillment data? need it for marketing stuff to check how good deliveries are going and tweak messages or offers if needed. wanna make sure our campaigns keep customers happy and sticking around. need data on 'package', 'order', and 'product' to see how logistics partners and supply chain are doing and spot any issues. thx!",,
4e7fb0bc472b201d292093c0cba8d7cb72428a788b085dd835829f18834bf4f5,Fulfilment,Marketing Campaign Optimization,marketing,Campaign Analytics Platform,Analyzes fulfilment data to refine marketing strategies and customer engagement.,combined,"junior analyst + neutral (standard professional, no particular urgency or formality)","Hi,

I hope you're doing well. I'm reaching out to ask for access to the fulfillment data. Our Marketing Team wants to look at delivery success rates so we can tweak our messaging or offers to better meet customer needs. Specifically, we need data on 'package', 'order', and 'product' to help us assess logistics and supply chain efficiencies. This will allow us to spot any areas where we can improve customer satisfaction and retention.

Thanks!",,
4e7fb0bc472b201d292093c0cba8d7cb72428a788b085dd835829f18834bf4f5,Fulfilment,Marketing Campaign Optimization,marketing,Campaign Analytics Platform,Analyzes fulfilment data to refine marketing strategies and customer engagement.,combined,"junior analyst + very formal (precise legal-style language, complete sentences, no contractions)","To facilitate the optimization of marketing campaigns, the Marketing Team hereby formally requests access to specific fulfilment data. The objective of this request is to conduct an analysis of delivery success rates, which will enable the adjustment of messaging or offers as deemed necessary. A comprehensive understanding of delivery performance is imperative, as it allows for the design of campaigns aimed at enhancing customer satisfaction and retention. Access to data categories, specifically 'package', 'order', and 'product', is essential to evaluate the efficiency of logistics partners and the overall supply chain, thereby identifying potential areas for improvement.",,
4e7fb0bc472b201d292093c0cba8d7cb72428a788b085dd835829f18834bf4f5,Fulfilment,Marketing Campaign Optimization,marketing,Campaign Analytics Platform,Analyzes fulfilment data to refine marketing strategies and customer engagement.,combined,"senior manager + very hasty (typos, shorthand, missing punctuation, casual phrasing)","hey need access to fulfilment data asap!! marketing team needs it for better campaign results checking delivery success rates so we can tweak messaging or offers u know the drill.. gotta get insight into delivery performance to up customer satisfaction & retention. need data on 'package', 'order', 'product' so we can evaluate logistics partners and chain efficiencies to spot improvement areas. thx",,
4e7fb0bc472b201d292093c0cba8d7cb72428a788b085dd835829f18834bf4f5,Fulfilment,Marketing Campaign Optimization,marketing,Campaign Analytics Platform,Analyzes fulfilment data to refine marketing strategies and customer engagement.,combined,"senior manager + neutral (standard professional, no particular urgency or formality)","To enhance our marketing strategies, the Marketing Team needs access to fulfilment data. This will allow us to analyze delivery success rates and make necessary adjustments to our messaging or offers. By gaining insights into delivery performance, we aim to design campaigns that boost customer satisfaction and retention. Access to data covering 'package', 'order', and 'product' is crucial for evaluating our logistics partners and the efficiency of our supply chain, helping us pinpoint areas for potential improvement.",,
4e7fb0bc472b201d292093c0cba8d7cb72428a788b085dd835829f18834bf4f5,Fulfilment,Marketing Campaign Optimization,marketing,Campaign Analytics Platform,Analyzes fulfilment data to refine marketing strategies and customer engagement.,combined,"senior manager + very formal (precise legal-style language, complete sentences, no contractions)","To facilitate the optimization of marketing campaigns, it is imperative that the Marketing Team be granted access to the fulfilment data. This access is necessary for the purpose of conducting a comprehensive analysis of delivery success rates, which will enable the team to make informed adjustments to messaging or offers as needed. An enhanced understanding of delivery performance will allow for the strategic design of campaigns aimed at improving customer satisfaction and retention. The specific data required includes, but is not limited to, information pertaining to 'package', 'order', and 'product'. This data will be instrumental in evaluating the performance of logistics partners and assessing supply chain efficiencies, thereby identifying any areas necessitating improvement.",,
4e7fb0bc472b201d292093c0cba8d7cb72428a788b085dd835829f18834bf4f5,Fulfilment,Marketing Campaign Optimization,marketing,Campaign Analytics Platform,Analyzes fulfilment data to refine marketing strategies and customer engagement.,combined,"executive/CEO + very hasty (typos, shorthand, missing punctuation, casual phrasing)",Hey need fulfillm data asap for mktg team need to see deliv success rates fix msgs/offers boost cust sat & retention need 'package' 'order' 'product' data check log partners supply chain perf fix gaps thx,,
4e7fb0bc472b201d292093c0cba8d7cb72428a788b085dd835829f18834bf4f5,Fulfilment,Marketing Campaign Optimization,marketing,Campaign Analytics Platform,Analyzes fulfilment data to refine marketing strategies and customer engagement.,combined,"executive/CEO + neutral (standard professional, no particular urgency or formality)","To enhance our marketing efforts, the Marketing Team needs access to fulfillment data to assess delivery success rates. This will allow us to refine our messaging and offers. By gaining insights into delivery performance, we can tailor our campaigns to improve customer satisfaction and retention. Access to data on 'package', 'order', and 'product' will also help us evaluate our logistics partners and supply chain efficiencies to pinpoint areas for improvement.",,
4e7fb0bc472b201d292093c0cba8d7cb72428a788b085dd835829f18834bf4f5,Fulfilment,Marketing Campaign Optimization,marketing,Campaign Analytics Platform,Analyzes fulfilment data to refine marketing strategies and customer engagement.,combined,"executive/CEO + very formal (precise legal-style language, complete sentences, no contractions)","In the interest of optimizing our marketing campaigns, it is imperative that the Marketing Team be granted access to fulfilment data. Such access is necessary to perform a comprehensive analysis of delivery success rates, which will facilitate the strategic adjustment of messaging and promotional offers accordingly. By gaining insights into delivery performance, we can design campaigns that significantly enhance customer satisfaction and retention. Access to specific data categories, namely 'package', 'order', and 'product', is essential. This will enable us to thoroughly evaluate the performance of our logistics partners and supply chain efficiencies, thereby identifying areas that require improvement.",,
